{"noiseKey":{"private":{"type":"Buffer","data":"IK7JmC4YE/yLBJ0H4RE80DRMEYgLqDYiwZ0pwF+gm2g="},"public":{"type":"Buffer","data":"x8BF6/pV0r7yCgFMMKYamvQCN+JJA9Swvp10opyA1Co="}},"pairingEphemeralKeyPair":{"private":{"type":"Buffer","data":"MJnYjeckvAxgHjsxWY/TOLIuOyOxWKHjEuwNjcTYb1o="},"public":{"type":"Buffer","data":"Y1Bvx9TBWik10XNIrAmSiVllPfieVbfy+pckcDDHyHo="}},"signedIdentityKey":{"private":{"type":"Buffer","data":"6AE09Y39++OSiYZF/KnJkCO6B7PuUQdqVd6DmKaPKlE="},"public":{"type":"Buffer","data":"b8YR4mvqyxez851UaxSp5KGPBBkOvPacmMj/EV6ayQM="}},"signedPreKey":{"keyPair":{"private":{"type":"Buffer","data":"4FXOzdPdnSC55y/wsr1KQd9dOwygrZ8HGC6qHK0x20A="},"public":{"type":"Buffer","data":"EWK2se/PedSnmsJ6EKvvWL/o4GWkYVZxaL1UXn1QvXg="}},"signature":{"type":"Buffer","data":"Z5WNkhoPTbDUwnJx7Z0iRx7AzCGFek/FFpnffdws0r7UX8FL8MsjpPj+IesK6N1ffIRMEGNs3s+010HyNiXNgQ=="},"keyId":1},"registrationId":102,"advSecretKey":"VGMbjUj6VSuLmwxJBBaVcymEAqFe0u9gsg+FvyLTa4o=","processedHistoryMessages":[],"nextPreKeyId":61,"firstUnuploadedPreKeyId":61,"accountSyncCounter":0,"accountSettings":{"unarchiveChats":false},"deviceId":"b-iUGk9CTBGhGc7jlwpCHQ","phoneId":"278948d5-2a7d-4425-964d-1178a059047a","identityId":{"type":"Buffer","data":"YUS4e0879yFzoIFVhU42cG48zA0="},"registered":false,"backupToken":{"type":"Buffer","data":"2es7Ew7GcssKkJDi8qez+TEV2XM="},"registration":{},"account":{"details":"CNDNkO4EEMrb/7AGGAMgACgA","accountSignatureKey":"2LNaGDZTghyjTnGeQScquvwmyjcnN0rF/TtqHyW8tSE=","accountSignature":"U4G+y0uVcMSZVOLtH22gCV+bzMjElOvEunBazolpj5L1i3F8NHJPUQnKhuvi26oA7e5Uurtrq/d7fen+geEIAQ==","deviceSignature":"dIE+Kp4UXLQAlx0nFwhudhNJp7kL+cFOxhbZvNvloPj2lduAOMp0WEtlESyeKHBiu7NptKfkfcOz7qgYDt2+iA=="},"me":{"id":"2348039607375:30@s.whatsapp.net","name":"ᴀꜱᴛʀᴏ","lid":"28604952010832:30@lid"},"signalIdentities":[{"identifier":{"name":"2348039607375:30@s.whatsapp.net","deviceId":0},"identifierKey":{"type":"Buffer","data":"BdizWhg2U4Ico05xnkEnKrr8Jso3JzdKxf07ah8lvLUh"}}],"platform":"android","lastAccountSyncTimestamp":1713368525,"myAppStateKeyId":"AAAAAPEe"}