[{"senderKeyId":339323382,"senderChainKey":{"iteration":4,"seed":"NtLrEmPZtE5noU8DRld3Ob5M/DL2XvNpSgXRuj+9myA="},"senderSigningKey":{"public":"BeaLSbpyst0nDEM6agU6N0N+rgNhLhFMj9thXfq4hYQb"},"senderMessageKeys":[]},{"senderKeyId":339323382,"senderChainKey":{"iteration":2,"seed":"OMpVdCKUJljaBchaaQ6b9XEi686k6un0U8gyKKgJH/k="},"senderSigningKey":{"public":"BeaLSbpyst0nDEM6agU6N0N+rgNhLhFMj9thXfq4hYQb"},"senderMessageKeys":[]},{"senderKeyId":339323382,"senderChainKey":{"iteration":2,"seed":"OMpVdCKUJljaBchaaQ6b9XEi686k6un0U8gyKKgJH/k="},"senderSigningKey":{"public":"BeaLSbpyst0nDEM6agU6N0N+rgNhLhFMj9thXfq4hYQb"},"senderMessageKeys":[]}]