{"_sessions":{"BYkChwzWPBfSKV98jYoyNyYmqkFP4wMmeL3ZwU7/m8t4":{"registrationId":407109416,"currentRatchet":{"ephemeralKeyPair":{"pubKey":"BaRz1CAHPbT5uf6cgko/e5b0w9uGCpq3eA7bMSlLCYAE","privKey":"eCrmNqa2nr4wlkBQNsIh83vjbYN7u8iLdx5JJJbQuk8="},"lastRemoteEphemeralKey":"BZdJNCiGgg604GKOH5t8MR8NiLPU4zl5Nq0i4u4c/Mwa","previousCounter":0,"rootKey":"QH0Mu6g3Qlmr6Nc52m2taDTrZbI0/aOydife+keAkhE="},"indexInfo":{"baseKey":"BYkChwzWPBfSKV98jYoyNyYmqkFP4wMmeL3ZwU7/m8t4","baseKeyType":2,"closed":-1,"used":1713370397551,"created":1713370397551,"remoteIdentityKey":"BSn0PirzAabJJxhkPg83+i8WmHQq2naeqXOznjefEB9k"},"_chains":{"BZdJNCiGgg604GKOH5t8MR8NiLPU4zl5Nq0i4u4c/Mwa":{"chainKey":{"counter":0,"key":"vrpTVdDKC3/fYylP4bF+6NLzQHXvDRoYyqfThcD8Xfs="},"chainType":2,"messageKeys":{}},"BaRz1CAHPbT5uf6cgko/e5b0w9uGCpq3eA7bMSlLCYAE":{"chainKey":{"counter":-1,"key":"cunlVHD4QApYU1xHslGJ9n6PlOjN7Y2RNFTiM/1MOgY="},"chainType":1,"messageKeys":{}}}}},"version":"v1"}