{"_sessions":{"BcKHOSuJTZtLd9mM6td1YL6SVdNlbYRFJvUVD4IthSI5":{"registrationId":1402304430,"currentRatchet":{"ephemeralKeyPair":{"pubKey":"BUvVJLnDtmCs7ux3Bv8lpzFKFep+fVEgVX1hUypDLoYK","privKey":"MFKGYZGWW2Y8FlGws3tld64NivGVWLO2LFHRQfUog38="},"lastRemoteEphemeralKey":"BSxmybVt8UUPL1t8TNEA4IkNIxnfyE6hSvV5oBQZyJBe","previousCounter":0,"rootKey":"yWOsg7WQPZ8Oy5Nv1zn/tYOuFidovMkbJGCu2lPf5mM="},"indexInfo":{"baseKey":"BcKHOSuJTZtLd9mM6td1YL6SVdNlbYRFJvUVD4IthSI5","baseKeyType":2,"closed":-1,"used":1713371450448,"created":1713371450448,"remoteIdentityKey":"BRakHbaEDIhkXR+sKEHCozCdkR8jp2uORU57gXnkohph"},"_chains":{"BSxmybVt8UUPL1t8TNEA4IkNIxnfyE6hSvV5oBQZyJBe":{"chainKey":{"counter":2,"key":"J7/O9uILhFxoVZ+pF0skQlFQ/sw4srzMPkIfR8cbf94="},"chainType":2,"messageKeys":{}},"BUvVJLnDtmCs7ux3Bv8lpzFKFep+fVEgVX1hUypDLoYK":{"chainKey":{"counter":-1,"key":"Jt7sO+Q1d1JHcRbR3IwoSXY4dlw3jWPZOSEy7+nW2uo="},"chainType":1,"messageKeys":{}}}}},"version":"v1"}