{"_sessions":{"Bbgkvs4lfwTvuzB8yTnxzHaaunSSOUGxCoSqJSSyzylh":{"registrationId":1085439715,"currentRatchet":{"ephemeralKeyPair":{"pubKey":"Bb9nLNlF4/sg/HXQxMKirr59V7VEzj97KGGEIVNe1KJ3","privKey":"CMlzFQ4bVd4kRhMIZkczLmGiaIaEFOnnbsczjTda1Wg="},"lastRemoteEphemeralKey":"BbSZWkhDqTlqZE+8+jAPR3I/8oH3aTBm+mzVeTE2pzMc","previousCounter":0,"rootKey":"4KP5I7dwL8hWxOwX/ujx4maJrJ2xfyZlLVTX3wP3bac="},"indexInfo":{"baseKey":"Bbgkvs4lfwTvuzB8yTnxzHaaunSSOUGxCoSqJSSyzylh","baseKeyType":2,"closed":-1,"used":1713371793961,"created":1713371793961,"remoteIdentityKey":"BcGmWPBS6RsZvl8KdT0UteJrWbcXiqPavaxidC/17QV9"},"_chains":{"BbSZWkhDqTlqZE+8+jAPR3I/8oH3aTBm+mzVeTE2pzMc":{"chainKey":{"counter":0,"key":"Joo9FlWwokiAUsYGlh8z3ciC2o40nPijOafSSP3Q5/g="},"chainType":2,"messageKeys":{}},"Bb9nLNlF4/sg/HXQxMKirr59V7VEzj97KGGEIVNe1KJ3":{"chainKey":{"counter":-1,"key":"4nR0DzlPQA9lJWXOcu1g50uLhquo1rA0CPqHuItzGYk="},"chainType":1,"messageKeys":{}}}}},"version":"v1"}