{"_sessions":{"BUvdj7Uc7/YT7frLqcLq5KC2Ucox70XqAvQg+FIW4O8Z":{"registrationId":567127246,"currentRatchet":{"ephemeralKeyPair":{"pubKey":"BZYeUf5U9+MDpG6ir/hNC4jdptyV/+flo8TwXPIEHaBl","privKey":"qE6vVL1koSmk+F5drFybngZvPzN5JTcmgRswt/bLvUI="},"lastRemoteEphemeralKey":"BcT4VfSO8ZDiDZT4cn/kUit/uIqVaxyiar76nxSNWSIU","previousCounter":1,"rootKey":"ccFV+fXDnbfF4GeoACTG7FtwtO7ncuGYRIoQOymc2E8="},"indexInfo":{"baseKey":"BUvdj7Uc7/YT7frLqcLq5KC2Ucox70XqAvQg+FIW4O8Z","baseKeyType":1,"closed":-1,"used":1713371834707,"created":1713369931247,"remoteIdentityKey":"BdizWhg2U4Ico05xnkEnKrr8Jso3JzdKxf07ah8lvLUh"},"_chains":{"BdpwR0ihKoYLKmm3Fe5t+XJJydd844I1rh0t2iH7BopV":{"chainKey":{"counter":0},"chainType":2,"messageKeys":{}},"BYY/+/lGuRcUc+15XZgW4V5jO/2v7vin82pvtJfMvixj":{"chainKey":{"counter":1},"chainType":2,"messageKeys":{}},"BU+MAEdQ10oG4i2o9agKRD8psxQ44FwUY/YKKdeVE4tF":{"chainKey":{"counter":0},"chainType":2,"messageKeys":{}},"BfGM7oH72qqtPRcdePLbgyxhIyu9/5+224lFR/3JtrxN":{"chainKey":{"counter":1},"chainType":2,"messageKeys":{}},"BSs1EIbJhyXEk3N1Ay+Ub08AbGfflAUfALNX+4kM9A9Y":{"chainKey":{"counter":0},"chainType":2,"messageKeys":{}},"BUatgW4+XLwYEyMhXRcdoe3lYfRKqZcedum1fmcJglUx":{"chainKey":{"counter":0},"chainType":2,"messageKeys":{}},"BUUB3SjIVw5dvnSBGiaVF2TnxX8JlibZIau9Qs/0vsl3":{"chainKey":{"counter":0},"chainType":2,"messageKeys":{}},"BfZwAAGkhj+X46v6t58fr1SSninEAxd7GzUvE+BJhZ91":{"chainKey":{"counter":0},"chainType":2,"messageKeys":{}},"BYNsgx7zHjNp+wIckwZRUdW32mBC1Zpv9mbEJ4jbBxMj":{"chainKey":{"counter":0},"chainType":2,"messageKeys":{}},"BVAnaHnZbYNSIHXTYUi90HtqFm59fuLXqsPEhCGB9O0t":{"chainKey":{"counter":1},"chainType":2,"messageKeys":{"0":"Vlnx5vldwEVMPPi8f+ARtZLrjislTMmrnxCLYHL2r1Q="}},"BcfJeW+gG7hZhtXVuDNY7SzgG2kfRFGMHL5Qq3ZdLvNY":{"chainKey":{"counter":0},"chainType":2,"messageKeys":{}},"BbKHzhGtKrFzopED+8uUKXcXlR6F9/gGPbdP3FUrmPkc":{"chainKey":{"counter":0},"chainType":2,"messageKeys":{}},"BWCm9gOABTKYH7q6pSfPX8pKXKftC2W0jNqWSY6qZYBO":{"chainKey":{"counter":0},"chainType":2,"messageKeys":{}},"BXZxmyIIUHEVBhCFGvHfMiYwISg57pJSPxgeo8LH6RIo":{"chainKey":{"counter":0},"chainType":2,"messageKeys":{}},"BT5WjdQ9FrLLEJOxMHnYxRUWGN8xsrZj8J7jtsgfoWBv":{"chainKey":{"counter":0},"chainType":2,"messageKeys":{}},"BcSqJTJjtfsWGn93yHmM8VQVH6zXc/gKOj1V/XuchGJ8":{"chainKey":{"counter":2},"chainType":2,"messageKeys":{}},"BWT4JkCd3svl/F4W2b7Iw7lFCEIsDBhnYdhUuGnrXOVi":{"chainKey":{"counter":0},"chainType":2,"messageKeys":{}},"BYX52pd1vz9XCY5QdMfv+MdkhGytqUAKsHju86oLen8t":{"chainKey":{"counter":0},"chainType":2,"messageKeys":{}},"BbX6ES3HAfHESV8syqRvhggwlLg62P0+3G27k2ofwMgl":{"chainKey":{"counter":0},"chainType":2,"messageKeys":{}},"BfBdCiwInNt65MwJjhpgEph/QZlAPxjVSXoJiVlERhwQ":{"chainKey":{"counter":0},"chainType":2,"messageKeys":{}},"BWO4fWnjmYgsIhojQ4FgUKgXLB6ed5wY4eQjNCsSnsFy":{"chainKey":{"counter":0},"chainType":2,"messageKeys":{}},"BeoK4bdru5pAK86puzbnpMMwg88cet5Qo8tfm3Ox8/MQ":{"chainKey":{"counter":0},"chainType":2,"messageKeys":{}},"Ba1d0XBIxTx84MHj1eSge6eIYgr/zT6f3C1N2nw2Rfdf":{"chainKey":{"counter":2},"chainType":2,"messageKeys":{}},"BbRszJFKENT29mhEGyNnNOzCxYpg9y3t9qt3gQBsqx4b":{"chainKey":{"counter":0},"chainType":2,"messageKeys":{}},"BUzJr4ypak2/BFbe+91t9EbeLZhl5sVfIJAkPDTsgc4v":{"chainKey":{"counter":2},"chainType":2,"messageKeys":{}},"BYOR8sOWfvWUxqHVxLPA6B3Xx9dX0dUgSfss5uc9zrou":{"chainKey":{"counter":0},"chainType":2,"messageKeys":{}},"BanME2R6sw0ntV7xqR9VOu/d8kKdZVE3cnMiqZXL+pw0":{"chainKey":{"counter":0},"chainType":2,"messageKeys":{}},"BfqNCaS/rNzvc10KLotIjKSZOL7hgpguLhkaZBDW8Hlb":{"chainKey":{"counter":0},"chainType":2,"messageKeys":{}},"BZrE8dR0lVzY24Wn1AixFEyU9QO+5Mx8x6TbBpYLDfUQ":{"chainKey":{"counter":0},"chainType":2,"messageKeys":{}},"BQQhV4dwAENU7KzAO/olam+iBAOImKq6anxCroRBZEwH":{"chainKey":{"counter":0},"chainType":2,"messageKeys":{}},"BWTUm6XEattrKWqQxoQDOnhmcn0D+rszP6uhssBpNPEe":{"chainKey":{"counter":1},"chainType":2,"messageKeys":{}},"BU0e5XLNnBF2vuLK/b4NN2o40m2o2IiypijWgzGvBtBb":{"chainKey":{"counter":0},"chainType":2,"messageKeys":{}},"BbnrwlbvQeYwsdFJbXum7XA302LG5pqmkRDJmj4Cvros":{"chainKey":{"counter":0},"chainType":2,"messageKeys":{}},"BZLImeLB+ifmqJmZ526fDsSKdQaq8NvN/805HCCcSVAm":{"chainKey":{"counter":1},"chainType":2,"messageKeys":{}},"BcT4VfSO8ZDiDZT4cn/kUit/uIqVaxyiar76nxSNWSIU":{"chainKey":{"counter":1,"key":"9hPLYJc9QRdiSD2Cso1/sENHTCsxJLKJMKAa1Stc6ag="},"chainType":2,"messageKeys":{}},"BZYeUf5U9+MDpG6ir/hNC4jdptyV/+flo8TwXPIEHaBl":{"chainKey":{"counter":3,"key":"epHsseEUVLz4kFCw9OZlGCJ7reWJwTSk4SaEOSCh+8k="},"chainType":1,"messageKeys":{}}}}},"version":"v1"}