{"_sessions":{"BfJTp2KRtQTtjMtrIZ/XFVHvFG1Pn1JLkaBLVE9805dB":{"registrationId":269445843,"currentRatchet":{"ephemeralKeyPair":{"pubKey":"BUD1/Z5lIzJ18MUUcX6IpvBqbFOOWp2JFTzJLml4Sf0n","privKey":"WOCchtEY5X/OpIRfu54I1pDEVs1h2jV7ItdYeZ4hqkY="},"lastRemoteEphemeralKey":"BSQtv05TMIsxSIUAbwIDn59+LoEw6gGV5SqNRX16WQsj","previousCounter":0,"rootKey":"JnlITrEwxTQxDIzklI/uwGZqW0Amb+sfVeG2e41WKZw="},"indexInfo":{"baseKey":"BfJTp2KRtQTtjMtrIZ/XFVHvFG1Pn1JLkaBLVE9805dB","baseKeyType":2,"closed":-1,"used":1713371794043,"created":1713371794043,"remoteIdentityKey":"BSK6xTnw1n+d1CdbhvunOEsToUNCjD98/DmzIFXOd7Vc"},"_chains":{"BSQtv05TMIsxSIUAbwIDn59+LoEw6gGV5SqNRX16WQsj":{"chainKey":{"counter":1,"key":"+y8y/O8ZPdv8V0RjGTsKd67fs5IxPmoqqzCDAZg1C0E="},"chainType":2,"messageKeys":{"0":"1y6prXUpBDsxArSXXWow+oUL3tNMl3ktm7HMmDIEc5E="}},"BUD1/Z5lIzJ18MUUcX6IpvBqbFOOWp2JFTzJLml4Sf0n":{"chainKey":{"counter":-1,"key":"zUKY5w6v3O+HfILTWJy0YD53TdGs0Rz/A0nw6k+EytU="},"chainType":1,"messageKeys":{}}}}},"version":"v1"}