{"_sessions":{"BcDaR0tAOPkk7f9s0RMXTUKxeSNNx7EgTiVdnlGpLc9X":{"registrationId":506189021,"currentRatchet":{"ephemeralKeyPair":{"pubKey":"BX+aFzlsRW8p18F0o3c1R6epfecgKls71GBd6tzz6fkn","privKey":"8OVyGLEfuUyZoxD79B3hB4dn7FGh6YnPjZOySYkpE2Q="},"lastRemoteEphemeralKey":"BQE1xy8VRxOBlVr3Za7Oc/hirAZdoiXuzIDAkP+H0Gx7","previousCounter":0,"rootKey":"716W3cONJJmef2p0jMy7px8gD3G7WgOLa0pZsN81AEI="},"indexInfo":{"baseKey":"BcDaR0tAOPkk7f9s0RMXTUKxeSNNx7EgTiVdnlGpLc9X","baseKeyType":2,"closed":-1,"used":1713371387529,"created":1713371387529,"remoteIdentityKey":"BbrqVNg6aPkw3YQ57yYpaG1zw8yCUdBPRFCHRExwdYFG"},"_chains":{"BQE1xy8VRxOBlVr3Za7Oc/hirAZdoiXuzIDAkP+H0Gx7":{"chainKey":{"counter":0,"key":"7/1NNUwUA7MXa6+CA70u8gIwkkwLNg4r5W3M+5cB5UM="},"chainType":2,"messageKeys":{}},"BX+aFzlsRW8p18F0o3c1R6epfecgKls71GBd6tzz6fkn":{"chainKey":{"counter":-1,"key":"QGNztBA0o36bwbxRcvxqcBSz61ODanQEFCCdHD+558s="},"chainType":1,"messageKeys":{}}}}},"version":"v1"}