{"_sessions":{"BRSzVHFL9tX7NIceTn7CBmTptCFhCW1tTVv75ybNPpQA":{"registrationId":37585335,"currentRatchet":{"ephemeralKeyPair":{"pubKey":"Bd7i0ZxsaWi2W3scqWaCuLTVrMEGgzuDxRGO0oBz+WoU","privKey":"WBjUBebrKnDaabVLAMNnTHd49HCanGnaggPHymql50M="},"lastRemoteEphemeralKey":"BSulfML8eyXJPGzkS8CIgwDDlvp3+/7/CW0D5Jn4gNIV","previousCounter":0,"rootKey":"A9wvs2TviGc5I6/gPdBkQR0aWSO3jkVSvxSX41OlAWI="},"indexInfo":{"baseKey":"BRSzVHFL9tX7NIceTn7CBmTptCFhCW1tTVv75ybNPpQA","baseKeyType":2,"closed":-1,"used":1713370228004,"created":1713370228004,"remoteIdentityKey":"BYkLCzBRuiZ0CS3eMGrhKKA/ipaXkV364hyQHMkZJFs+"},"_chains":{"BSulfML8eyXJPGzkS8CIgwDDlvp3+/7/CW0D5Jn4gNIV":{"chainKey":{"counter":0,"key":"VarBD2+PmPy6FPHi9fo/SitoKGOL5bH2FslCBE87NGQ="},"chainType":2,"messageKeys":{}},"Bd7i0ZxsaWi2W3scqWaCuLTVrMEGgzuDxRGO0oBz+WoU":{"chainKey":{"counter":-1,"key":"nNMa2vQ+IDtTBaHvHmVxjn9CltvtYiCOw73ua3A59HQ="},"chainType":1,"messageKeys":{}}}}},"version":"v1"}