{"_sessions":{"BSWsFs6oFp45rP7S/ViEE1WX8Wose45EsNj03Q39QuEJ":{"registrationId":1042865714,"currentRatchet":{"ephemeralKeyPair":{"pubKey":"Bd64yt60h9eV9nWC1VUlUz55VncE855EEVsDkwkglHsE","privKey":"EJZ61EbRjURAQDzi3MUiY4bYhIuc7PB38ao2xxYQM34="},"lastRemoteEphemeralKey":"BWXuHrFDJqEf1rkkyMOFRLMp1IHRUkrTqB6gbL/zSb8L","previousCounter":0,"rootKey":"WucDfdDGOHaQkSmGGVWWuD+ekyGCKfRUdReaiufaTbc="},"indexInfo":{"baseKey":"BSWsFs6oFp45rP7S/ViEE1WX8Wose45EsNj03Q39QuEJ","baseKeyType":2,"closed":-1,"used":1713370409271,"created":1713370409271,"remoteIdentityKey":"BWaq4vidnpkTTnI0iAGzoSITUXxEtz0MjE1/9H6sYaxI"},"_chains":{"BWXuHrFDJqEf1rkkyMOFRLMp1IHRUkrTqB6gbL/zSb8L":{"chainKey":{"counter":0,"key":"gugNp0y0KAZcfJQ+Xhymod1EyJnmCsItMM5FJsSGsF4="},"chainType":2,"messageKeys":{}},"Bd64yt60h9eV9nWC1VUlUz55VncE855EEVsDkwkglHsE":{"chainKey":{"counter":-1,"key":"EWJZ4lYUnP99zZgkWfvqR9nVgRTnVjANU7SahIbjDUU="},"chainType":1,"messageKeys":{}}}}},"version":"v1"}