{"_sessions":{"BZR19NfaepH7hw4zuu21FsQgmjYCa1qBZormR8toN5o/":{"registrationId":1763959271,"currentRatchet":{"ephemeralKeyPair":{"pubKey":"BTcxQBqu/bH8u5E+W1a6tc8UPAWsXauA4q8rz8QUXbQi","privKey":"KF5fh3uI/MilH34nyjAI8Ntfav3X4/TKRs5RErPva3I="},"lastRemoteEphemeralKey":"BXt/iALgeCuQ+qS/Utt7/TAHIJRJLMnynqU2Ynd2/7Jn","previousCounter":0,"rootKey":"KS8MHG84omt2l5V6ynsmLf9gCVC8/+LiHU4WRc0FkpU="},"indexInfo":{"baseKey":"BZR19NfaepH7hw4zuu21FsQgmjYCa1qBZormR8toN5o/","baseKeyType":2,"closed":1713370298117,"used":1713370182654,"created":1713370182654,"remoteIdentityKey":"Bd/7CgVmytMg8iWua1I/VZjsmV+neBr/ggb7DZCZpTFY"},"_chains":{"BXt/iALgeCuQ+qS/Utt7/TAHIJRJLMnynqU2Ynd2/7Jn":{"chainKey":{"counter":0,"key":"Tw4ZP5kOf58HdsqT0ytZCrWLP2BSPt/4GJYobsorFx8="},"chainType":2,"messageKeys":{}},"BTcxQBqu/bH8u5E+W1a6tc8UPAWsXauA4q8rz8QUXbQi":{"chainKey":{"counter":-1,"key":"cE9X5TcLEsGl1Kel3DnFR9jIr1nOP/Cmj3vlPHe+XqM="},"chainType":1,"messageKeys":{}}}},"BR11w3zwNnn+VoEJIMNYfkHMTJwYKYFthGC2FH7OKpA6":{"registrationId":1763959271,"currentRatchet":{"ephemeralKeyPair":{"pubKey":"BQw1UENMkrS9qPOnrSXArb1Wm6yWk9qpRn0qQOQ/ejYE","privKey":"OLoC51tz6Qftz4u3Ska+zXp4uuFtsVaCC41Yg91nwVM="},"lastRemoteEphemeralKey":"BYJnWO0AFJGaYAuCclxfii/PRAv7uFL1ryhQqJ+hUHV5","previousCounter":0,"rootKey":"nTESHNMPkrD2GEXkmnUFvJ7ct4ZOcVF51FL6AR8ond4="},"indexInfo":{"baseKey":"BR11w3zwNnn+VoEJIMNYfkHMTJwYKYFthGC2FH7OKpA6","baseKeyType":2,"closed":-1,"used":1713370298121,"created":1713370298121,"remoteIdentityKey":"Bd/7CgVmytMg8iWua1I/VZjsmV+neBr/ggb7DZCZpTFY"},"_chains":{"BYJnWO0AFJGaYAuCclxfii/PRAv7uFL1ryhQqJ+hUHV5":{"chainKey":{"counter":0,"key":"QGH4X7lKNJYtYAk7ibjLjlQhxr1l8Nja+sN4PAqs/Sg="},"chainType":2,"messageKeys":{}},"BQw1UENMkrS9qPOnrSXArb1Wm6yWk9qpRn0qQOQ/ejYE":{"chainKey":{"counter":-1,"key":"fFfKUueVy1B+w+W2LDMgKKQRsiI+idyzH7ai+yp5rB8="},"chainType":1,"messageKeys":{}}}}},"version":"v1"}