{"_sessions":{"BcSKLAtb71/DG41bEIX0lfVFg6ZtYlexjeIfgHnOwlcb":{"registrationId":615607706,"currentRatchet":{"ephemeralKeyPair":{"pubKey":"BUbwxTY21N8c2GqiHrXom3z7O2Z1AtJK5BENMAkoCf0l","privKey":"gPqOxM+bliI3tDmtGXmaHAjmkSf6vvKF4Ms1/t1JaWQ="},"lastRemoteEphemeralKey":"BbZXlJu3T5ZYtuNjZay4dNX4bJKcP5wDBVlMi9U99JJV","previousCounter":0,"rootKey":"eV3eH2fW6hc+zWLbR5Ag0h7sPrNRQ9raiz6VcSwVfXs="},"indexInfo":{"baseKey":"BcSKLAtb71/DG41bEIX0lfVFg6ZtYlexjeIfgHnOwlcb","baseKeyType":2,"closed":-1,"used":1713369929840,"created":1713369929840,"remoteIdentityKey":"BYLIT9h6U7KFzq8cos8N0u/qShhaFrxDeAdcWqsmK0Ri"},"_chains":{"BbZXlJu3T5ZYtuNjZay4dNX4bJKcP5wDBVlMi9U99JJV":{"chainKey":{"counter":2,"key":"6R3NLJY7nwzetem16lvfzheRyw2EpzYoRHOcL0Qzyd0="},"chainType":2,"messageKeys":{"0":"yjcIPWGiyWY8EvUozjpShNnpLJS9qDRQxvCzQHdroDc=","1":"eR8Dq4syW2hGiM8ZE70FfSJAiqNgdFAtiBFf/feldUo="}},"BUbwxTY21N8c2GqiHrXom3z7O2Z1AtJK5BENMAkoCf0l":{"chainKey":{"counter":-1,"key":"URTkYFRE38/I4QhuzFrWSpkFvuhgDAi8OsIcj8G85IQ="},"chainType":1,"messageKeys":{}}}}},"version":"v1"}